"","index_0","sample","value"
"1",0,0,168.116230958674
"2",1,0,173.848405470491
"3",0,1,153.836746229701
"4",1,1,180.95002170717
"5",0,2,149.424377015002
"6",1,2,184.245312675893
"7",0,3,151.423991131471
"8",1,3,179.095846679697
"9",0,4,146.195585078011
"10",1,4,186.611733307561
"11",0,5,130.865873611739
"12",1,5,188.496661649216
"13",0,6,120.391216845684
"14",1,6,194.472118426229
"15",0,7,123.00901513502
"16",1,7,195.616861794419
"17",0,8,117.405582549184
"18",1,8,198.361010233839
"19",0,9,122.071923464186
"20",1,9,198.754919390182
"21",0,10,120.914255071768
"22",1,10,199.670439698776
"23",0,11,123.462526871792
"24",1,11,200.469886992279
"25",0,12,117.862656205868
"26",1,12,202.019363111048
"27",0,13,118.531129347806
"28",1,13,199.345498517036
"29",0,14,120.159934141191
"30",1,14,199.674350776332
"31",0,15,119.271181903963
"32",1,15,201.134756871799
"33",0,16,122.772976941976
"34",1,16,202.256742295139
"35",0,17,119.528265894814
"36",1,17,201.03940084723
"37",0,18,121.300016233319
"38",1,18,199.659535132232
"39",0,19,117.4737427841
"40",1,19,198.047910802121
"41",0,20,115.197566100526
"42",1,20,197.686974042204
"43",0,21,116.256257335048
"44",1,21,196.113429028952
"45",0,22,117.409132966923
"46",1,22,194.970755350371
"47",0,23,118.350453576592
"48",1,23,196.949857329049
"49",0,24,117.168385519828
"50",1,24,196.074955479493
"51",0,25,116.475720182955
"52",1,25,197.340795054304
"53",0,26,114.347905093856
"54",1,26,198.996846732492
"55",0,27,114.062572748782
"56",1,27,197.984316566552
"57",0,28,119.678687552688
"58",1,28,199.781733405599
"59",0,29,113.0282668435
"60",1,29,199.022042278294
"61",0,30,115.328213279156
"62",1,30,196.054548835637
"63",0,31,114.552352133822
"64",1,31,199.619622512804
"65",0,32,112.618509942009
"66",1,32,197.40745693943
"67",0,33,112.09202594361
"68",1,33,197.955946626467
"69",0,34,114.750117814514
"70",1,34,202.712052731775
"71",0,35,116.082790035379
"72",1,35,196.536680629705
"73",0,36,117.772117250144
"74",1,36,196.800577350407
"75",0,37,119.411573971017
"76",1,37,200.673043370866
"77",0,38,118.899396358905
"78",1,38,198.595681279834
"79",0,39,122.204807666651
"80",1,39,200.716579986278
"81",0,40,110.626655329621
"82",1,40,200.636760552299
"83",0,41,110.474699423993
"84",1,41,198.194616834841
"85",0,42,119.459339678676
"86",1,42,200.96064418659
"87",0,43,119.134705327748
"88",1,43,199.432529119921
"89",0,44,120.930713626508
"90",1,44,202.185919077526
"91",0,45,129.70891759904
"92",1,45,202.129068149255
"93",0,46,128.900401123182
"94",1,46,202.893263734683
"95",0,47,134.138557851167
"96",1,47,202.489822558675
"97",0,48,131.121752201133
"98",1,48,203.982225322934
"99",0,49,129.752015097457
"100",1,49,203.507608590313
"101",0,50,134.211537148819
"102",1,50,208.899055717647
"103",0,51,131.65109701772
"104",1,51,204.093902143185
"105",0,52,127.16088608805
"106",1,52,204.089451141122
"107",0,53,129.45057769691
"108",1,53,203.039652868123
"109",0,54,132.339245897272
"110",1,54,203.050456542019
"111",0,55,127.642547390656
"112",1,55,204.354464357027
"113",0,56,132.148309601567
"114",1,56,204.390392711928
"115",0,57,135.119755227615
"116",1,57,205.20151280834
"117",0,58,134.848753457404
"118",1,58,202.544108107176
"119",0,59,125.775706218103
"120",1,59,201.645953569591
"121",0,60,129.249024457137
"122",1,60,200.435669440461
"123",0,61,130.096030968554
"124",1,61,198.652857006557
"125",0,62,123.41227866348
"126",1,62,201.030019364161
"127",0,63,123.592221930647
"128",1,63,202.48348207478
"129",0,64,125.243827381981
"130",1,64,199.595309252856
"131",0,65,123.998717862555
"132",1,65,199.598614359425
"133",0,66,121.319378088551
"134",1,66,203.965573808192
"135",0,67,116.909562426892
"136",1,67,202.968896075293
"137",0,68,120.304691600015
"138",1,68,201.212180257085
"139",0,69,124.118152216641
"140",1,69,197.257943441846
"141",0,70,126.750177913434
"142",1,70,201.539038233695
"143",0,71,120.982495434589
"144",1,71,202.888422122424
"145",0,72,126.382309638592
"146",1,72,201.796070568851
"147",0,73,123.152861165586
"148",1,73,198.914931374907
"149",0,74,120.93453711373
"150",1,74,199.875904058081
"151",0,75,123.560331381935
"152",1,75,201.570279079886
"153",0,76,114.168679136597
"154",1,76,201.501922143842
"155",0,77,118.385971176239
"156",1,77,198.568989831809
"157",0,78,117.584855698973
"158",1,78,199.067417635627
"159",0,79,116.355250905372
"160",1,79,197.229977324732
"161",0,80,124.010062939815
"162",1,80,198.741254019282
"163",0,81,124.778018163147
"164",1,81,198.423869915716
"165",0,82,123.149079064284
"166",1,82,198.40345382521
"167",0,83,118.458578613879
"168",1,83,201.66505614988
"169",0,84,124.193725826671
"170",1,84,202.498683569125
"171",0,85,118.247037241041
"172",1,85,205.544694781026
"173",0,86,123.741625274544
"174",1,86,201.139954926058
"175",0,87,118.861978848972
"176",1,87,203.034691177818
"177",0,88,119.070583574762
"178",1,88,200.344138542436
"179",0,89,117.814420557276
"180",1,89,202.849571417058
"181",0,90,120.305161582333
"182",1,90,200.856526789623
"183",0,91,119.12199150951
"184",1,91,199.010035016456
"185",0,92,123.64500545514
"186",1,92,201.376928892903
"187",0,93,121.983109547281
"188",1,93,201.300286140004
"189",0,94,123.779652217931
"190",1,94,203.579526062245
"191",0,95,129.641870590962
"192",1,95,203.359695726468
"193",0,96,130.117144061717
"194",1,96,201.777479447184
"195",0,97,123.545103637999
"196",1,97,199.868128919412
"197",0,98,125.494175117333
"198",1,98,203.211495697581
"199",0,99,126.299156385645
"200",1,99,208.282938187633
"201",0,100,129.433075371675
"202",1,100,204.563640064339
"203",0,101,133.298575281431
"204",1,101,201.620938674146
"205",0,102,133.165209092161
"206",1,102,202.166368291471
"207",0,103,137.617484515623
"208",1,103,205.644647422036
"209",0,104,134.182963479897
"210",1,104,204.685872018946
"211",0,105,148.341695186762
"212",1,105,204.468779950319
"213",0,106,144.465533981781
"214",1,106,207.2208267159
"215",0,107,150.295420454422
"216",1,107,206.649078641209
"217",0,108,144.998573272378
"218",1,108,209.08632833037
"219",0,109,151.798359735551
"220",1,109,207.06693212225
"221",0,110,141.595795328438
"222",1,110,210.763784051544
"223",0,111,147.659656172278
"224",1,111,206.273310341882
"225",0,112,147.78375325805
"226",1,112,204.767537367411
"227",0,113,140.995485486247
"228",1,113,205.811147114736
"229",0,114,149.867844684061
"230",1,114,204.731821157185
"231",0,115,144.996411644895
"232",1,115,203.154848052837
"233",0,116,135.866762829362
"234",1,116,201.123722964689
"235",0,117,140.571042007647
"236",1,117,204.585584957375
"237",0,118,137.380276963966
"238",1,118,203.193369964742
"239",0,119,135.669238709857
"240",1,119,202.681957585543
"241",0,120,130.38654289858
"242",1,120,204.834370157244
"243",0,121,130.530259793181
"244",1,121,203.336684295484
"245",0,122,132.622460174753
"246",1,122,203.339202299112
"247",0,123,132.708273506507
"248",1,123,205.155367922877
"249",0,124,128.095593534285
"250",1,124,202.42184046474
"251",0,125,127.86996220187
"252",1,125,199.222022068125
"253",0,126,126.611841124636
"254",1,126,203.625251156733
"255",0,127,128.659677283042
"256",1,127,201.545713999224
"257",0,128,121.552255953336
"258",1,128,204.571908611453
"259",0,129,120.420261504987
"260",1,129,199.639257652954
"261",0,130,132.010657721463
"262",1,130,204.830047244225
"263",0,131,126.074000861804
"264",1,131,203.274101721809
"265",0,132,128.420124986792
"266",1,132,204.956605821805
"267",0,133,131.728483103744
"268",1,133,200.271106109988
"269",0,134,125.606402374723
"270",1,134,201.757331384867
"271",0,135,133.047507694805
"272",1,135,208.302017845271
"273",0,136,130.358513526883
"274",1,136,205.01220496733
"275",0,137,131.742829218437
"276",1,137,202.876781001389
"277",0,138,133.565994830475
"278",1,138,201.274411171188
"279",0,139,131.061409402776
"280",1,139,201.7378160706
"281",0,140,134.004727446118
"282",1,140,202.984844212255
"283",0,141,134.55495066385
"284",1,141,202.246271097058
"285",0,142,128.274723548679
"286",1,142,203.666843569901
"287",0,143,129.304348287404
"288",1,143,200.809687468986
"289",0,144,130.668689636434
"290",1,144,198.750363390845
"291",0,145,123.736391559527
"292",1,145,202.765366298267
"293",0,146,128.628996335448
"294",1,146,201.076913807047
"295",0,147,123.102541091671
"296",1,147,198.796248157143
"297",0,148,117.35599423883
"298",1,148,195.140700531359
"299",0,149,112.569993389292
"300",1,149,197.877190858741
"301",0,150,116.514951587905
"302",1,150,196.773440712339
"303",0,151,116.797862678382
"304",1,151,197.934027067155
"305",0,152,119.627267912513
"306",1,152,193.550726931077
"307",0,153,118.394190715689
"308",1,153,199.579966474639
"309",0,154,116.513821913713
"310",1,154,198.019403981003
"311",0,155,115.253751223407
"312",1,155,200.531388308156
"313",0,156,118.674058726708
"314",1,156,203.495550818334
"315",0,157,115.618967059441
"316",1,157,200.821880305435
"317",0,158,115.74840721622
"318",1,158,196.979373227558
"319",0,159,118.243933135431
"320",1,159,197.811407870333
"321",0,160,117.217528141484
"322",1,160,198.457515957564
"323",0,161,121.968313298024
"324",1,161,197.956001575679
"325",0,162,117.829621522854
"326",1,162,198.468835405984
"327",0,163,117.516449826614
"328",1,163,199.025019182531
"329",0,164,121.244456560534
"330",1,164,201.038372980028
"331",0,165,117.553393173872
"332",1,165,200.645743968938
"333",0,166,120.418679421622
"334",1,166,202.238875925997
"335",0,167,123.597964675355
"336",1,167,202.187455032855
"337",0,168,129.946061966043
"338",1,168,199.44508223703
"339",0,169,119.860461556335
"340",1,169,200.703566592454
"341",0,170,120.569391357888
"342",1,170,202.519179898556
"343",0,171,126.46722400869
"344",1,171,203.228982420134
"345",0,172,121.788570295525
"346",1,172,201.178308085543
"347",0,173,123.272358969677
"348",1,173,200.067029975815
"349",0,174,119.574007162957
"350",1,174,200.862399504517
"351",0,175,118.866674129082
"352",1,175,199.633347990887
"353",0,176,116.137656692571
"354",1,176,197.530772770408
"355",0,177,113.601791218004
"356",1,177,196.259230259081
"357",0,178,108.559687897175
"358",1,178,195.783901620819
"359",0,179,119.349693286992
"360",1,179,195.380562777209
"361",0,180,116.255431667513
"362",1,180,196.733196264786
"363",0,181,115.822523697871
"364",1,181,196.961325213622
"365",0,182,114.842250266391
"366",1,182,198.218692853025
"367",0,183,115.159457078464
"368",1,183,197.839840934838
"369",0,184,117.218366770502
"370",1,184,199.490335927227
"371",0,185,116.821284286071
"372",1,185,196.084501132941
"373",0,186,117.024112034521
"374",1,186,199.44482853494
"375",0,187,120.958431625638
"376",1,187,199.353184574653
"377",0,188,118.083829742412
"378",1,188,199.07711962422
"379",0,189,116.083410477542
"380",1,189,198.111330654409
"381",0,190,117.403166020537
"382",1,190,200.046228416487
"383",0,191,131.038441331632
"384",1,191,200.599024670321
"385",0,192,123.714455097563
"386",1,192,198.45500942733
"387",0,193,120.123671859533
"388",1,193,199.979893346431
"389",0,194,117.150896099731
"390",1,194,198.205253500128
"391",0,195,116.612708714703
"392",1,195,199.171963307095
"393",0,196,114.954851597153
"394",1,196,200.322368415534
"395",0,197,115.857102547109
"396",1,197,198.137750767077
"397",0,198,115.884705901865
"398",1,198,197.966737265686
"399",0,199,115.527793116129
"400",1,199,196.125826214914
"401",0,200,117.234455136209
"402",1,200,200.622079562012
"403",0,201,122.003100000837
"404",1,201,200.212972506339
"405",0,202,121.387874773251
"406",1,202,204.282236279995
"407",0,203,120.110703325459
"408",1,203,203.682446883653
"409",0,204,119.087860751348
"410",1,204,202.056787500878
"411",0,205,116.103668850018
"412",1,205,198.815304779034
"413",0,206,107.61223166016
"414",1,206,197.670098396983
"415",0,207,115.71581911129
"416",1,207,199.499946279038
"417",0,208,121.42072923106
"418",1,208,198.592164754613
"419",0,209,114.125753404212
"420",1,209,197.428408517301
"421",0,210,109.566791938885
"422",1,210,195.16815138801
"423",0,211,113.353286566183
"424",1,211,196.12094615642
"425",0,212,119.209490812842
"426",1,212,198.571165309527
"427",0,213,115.073257697402
"428",1,213,198.166910011831
"429",0,214,114.791563585492
"430",1,214,195.90800399755
"431",0,215,115.870161706184
"432",1,215,198.029427788807
"433",0,216,117.970406376643
"434",1,216,198.172614068959
"435",0,217,120.085963052963
"436",1,217,199.232933923333
"437",0,218,123.208817435914
"438",1,218,202.917719692183
"439",0,219,120.018895886702
"440",1,219,203.85384957553
"441",0,220,126.23804895097
"442",1,220,201.686165263294
"443",0,221,132.657721267326
"444",1,221,204.343554522152
"445",0,222,137.580650431631
"446",1,222,203.534453735572
"447",0,223,142.11912685159
"448",1,223,205.273831334711
"449",0,224,135.557394200356
"450",1,224,206.272273449665
"451",0,225,140.742713994971
"452",1,225,205.84124332279
"453",0,226,137.395341665976
"454",1,226,206.739693880257
"455",0,227,141.854998369401
"456",1,227,208.459006006561
"457",0,228,141.502358722536
"458",1,228,208.30794239299
"459",0,229,140.106510109147
"460",1,229,202.497163805738
"461",0,230,141.71112720912
"462",1,230,203.258795268736
"463",0,231,143.249427414483
"464",1,231,206.124594756621
"465",0,232,143.889390158055
"466",1,232,205.655322529336
"467",0,233,138.465027931589
"468",1,233,206.231593092701
"469",0,234,139.966183926828
"470",1,234,202.420170728522
"471",0,235,134.940675287265
"472",1,235,208.551069764625
"473",0,236,131.74119514481
"474",1,236,197.351456834467
"475",0,237,134.897345101111
"476",1,237,205.68773271464
"477",0,238,129.216889029146
"478",1,238,202.936682151319
"479",0,239,126.125063326006
"480",1,239,204.325938801513
"481",0,240,144.372209777218
"482",1,240,205.484339311455
"483",0,241,132.7860656228
"484",1,241,205.430800889217
"485",0,242,137.589601749225
"486",1,242,205.905542296368
"487",0,243,136.905967842753
"488",1,243,206.894900673434
"489",0,244,129.495060392307
"490",1,244,202.200503885631
"491",0,245,133.035596757934
"492",1,245,205.449434920275
"493",0,246,128.23030692666
"494",1,246,202.537509087161
"495",0,247,124.618935810552
"496",1,247,199.505784748834
"497",0,248,132.751963564961
"498",1,248,199.429781981829
"499",0,249,130.555664760103
"500",1,249,203.743113026784
"501",0,250,126.034139172097
"502",1,250,203.874867732296
"503",0,251,127.757716276347
"504",1,251,203.394947440808
"505",0,252,126.188033733432
"506",1,252,200.453674381765
"507",0,253,116.9907139682
"508",1,253,198.44176916881
"509",0,254,115.84052749881
"510",1,254,198.987451644896
"511",0,255,114.960404350694
"512",1,255,202.25673968274
"513",0,256,116.335960332145
"514",1,256,196.684848942262
"515",0,257,119.14073882673
"516",1,257,199.418098502918
"517",0,258,121.684349204479
"518",1,258,200.359883451204
"519",0,259,118.216561781538
"520",1,259,200.997781689084
"521",0,260,117.449954610946
"522",1,260,197.185811247358
"523",0,261,119.21962462242
"524",1,261,198.508450864762
"525",0,262,112.861614799725
"526",1,262,199.749930920614
"527",0,263,112.854565088032
"528",1,263,197.470759755369
"529",0,264,117.02217746911
"530",1,264,196.56760702265
"531",0,265,115.119370212173
"532",1,265,199.082904654997
"533",0,266,121.948081398393
"534",1,266,202.379394485359
"535",0,267,117.625579561422
"536",1,267,196.356792140787
"537",0,268,115.741783627725
"538",1,268,201.39701738944
"539",0,269,124.77357910283
"540",1,269,200.130820384809
"541",0,270,123.956216569709
"542",1,270,200.042099143797
"543",0,271,120.445952250393
"544",1,271,198.770188715875
"545",0,272,113.304916257156
"546",1,272,204.63854469921
"547",0,273,123.988523042012
"548",1,273,201.53719559048
"549",0,274,127.326233615992
"550",1,274,201.527122096722
"551",0,275,122.662198569811
"552",1,275,203.532336974997
"553",0,276,126.738161595891
"554",1,276,200.475947233868
"555",0,277,126.130689537973
"556",1,277,200.499508262017
"557",0,278,127.468138055132
"558",1,278,202.793808266665
"559",0,279,125.443484707496
"560",1,279,202.491543305926
"561",0,280,122.262140466414
"562",1,280,202.597115376938
"563",0,281,127.398762387115
"564",1,281,200.932560896074
"565",0,282,124.325755373458
"566",1,282,201.620456464497
"567",0,283,128.707082427685
"568",1,283,201.340077795986
"569",0,284,125.79513801127
"570",1,284,204.452858093383
"571",0,285,140.222601746087
"572",1,285,201.326473202542
"573",0,286,141.346624368823
"574",1,286,200.709213966026
"575",0,287,137.969614005724
"576",1,287,204.075423558334
"577",0,288,136.443235816241
"578",1,288,201.712938709142
"579",0,289,140.517090926003
"580",1,289,203.560755417135
"581",0,290,134.397052569161
"582",1,290,207.089300169379
"583",0,291,136.397341493803
"584",1,291,206.379452871803
"585",0,292,127.310646104061
"586",1,292,203.434575909887
"587",0,293,133.358721307032
"588",1,293,204.569257974961
"589",0,294,139.767792394774
"590",1,294,202.538635142809
"591",0,295,131.237387781323
"592",1,295,201.460480624766
"593",0,296,132.024357700974
"594",1,296,204.122057314563
"595",0,297,128.077067654221
"596",1,297,204.190941064548
"597",0,298,126.321998790527
"598",1,298,201.221121843347
"599",0,299,123.191966150678
"600",1,299,202.560159832937
"601",0,300,118.066770456459
"602",1,300,200.121216680536
"603",0,301,119.546660366131
"604",1,301,200.40474785216
"605",0,302,124.399840098029
"606",1,302,199.385765517519
"607",0,303,123.626962563484
"608",1,303,197.471785403136
"609",0,304,120.36802663921
"610",1,304,200.245430896554
"611",0,305,123.159653522295
"612",1,305,200.111833983368
"613",0,306,113.29228859755
"614",1,306,199.634517706506
"615",0,307,115.878146187543
"616",1,307,198.952228192682
"617",0,308,116.291873076275
"618",1,308,201.933949675306
"619",0,309,116.845481343301
"620",1,309,200.674862689674
"621",0,310,126.593896018938
"622",1,310,203.574112830095
"623",0,311,119.667545848442
"624",1,311,198.977245397023
"625",0,312,117.570522685647
"626",1,312,200.758979363106
"627",0,313,120.200198151594
"628",1,313,200.492086217222
"629",0,314,119.478038971397
"630",1,314,196.951040944082
"631",0,315,120.713387518266
"632",1,315,198.265565219965
"633",0,316,118.83298799475
"634",1,316,197.67325710608
"635",0,317,113.554425864563
"636",1,317,196.698803612168
"637",0,318,112.253449367497
"638",1,318,198.961054859862
"639",0,319,114.79150653523
"640",1,319,199.245249006528
"641",0,320,112.104694899506
"642",1,320,198.642026110181
"643",0,321,121.146771636005
"644",1,321,199.473086119625
"645",0,322,121.850976125091
"646",1,322,200.101623440998
"647",0,323,120.56745116573
"648",1,323,200.121462984162
"649",0,324,118.353734433313
"650",1,324,202.283174845942
"651",0,325,119.301590642192
"652",1,325,204.947971956751
"653",0,326,121.253702922639
"654",1,326,205.728100680369
"655",0,327,122.340787413366
"656",1,327,202.150361220746
"657",0,328,125.358664442152
"658",1,328,201.330993847075
"659",0,329,129.191090352733
"660",1,329,199.329849206458
"661",0,330,123.347856654635
"662",1,330,202.640309011526
"663",0,331,121.440383675659
"664",1,331,202.371116288155
"665",0,332,115.453159082839
"666",1,332,200.075775308585
"667",0,333,122.312105465377
"668",1,333,197.793426604283
"669",0,334,113.75553483901
"670",1,334,200.642811898644
"671",0,335,115.266807076352
"672",1,335,193.383312602946
"673",0,336,112.339099928485
"674",1,336,198.580822002856
"675",0,337,118.312745858328
"676",1,337,201.326853341935
"677",0,338,118.615904539529
"678",1,338,202.121242193781
"679",0,339,117.483951805653
"680",1,339,200.988949082256
"681",0,340,121.862237406755
"682",1,340,203.537840804323
"683",0,341,116.626282364278
"684",1,341,200.975578680304
"685",0,342,120.674381186157
"686",1,342,202.841595568795
"687",0,343,128.243332209168
"688",1,343,202.374392740011
"689",0,344,122.952667989898
"690",1,344,199.514432512907
"691",0,345,120.266163280257
"692",1,345,202.483567091064
"693",0,346,124.116522733181
"694",1,346,201.660083843689
"695",0,347,122.715763829281
"696",1,347,198.526537950301
"697",0,348,131.400374396758
"698",1,348,199.489583058307
"699",0,349,133.88925535457
"700",1,349,202.146374431598
"701",0,350,129.410888587244
"702",1,350,204.183555781643
"703",0,351,133.969501780817
"704",1,351,204.264232343667
"705",0,352,128.002269803872
"706",1,352,201.714778063513
"707",0,353,128.775288965773
"708",1,353,202.163855597759
"709",0,354,128.096069826297
"710",1,354,204.319743086675
"711",0,355,129.462151796833
"712",1,355,200.228582999592
"713",0,356,135.213878713987
"714",1,356,201.37284736436
"715",0,357,135.763062566411
"716",1,357,200.422106365769
"717",0,358,133.307006058663
"718",1,358,202.444125567507
"719",0,359,135.508823100717
"720",1,359,204.454747603857
"721",0,360,130.618914866942
"722",1,360,200.239438761166
"723",0,361,128.42599873314
"724",1,361,205.031579830652
"725",0,362,128.431127097957
"726",1,362,203.467362775178
"727",0,363,130.72897766805
"728",1,363,200.321737880041
"729",0,364,116.155616117135
"730",1,364,199.845751919313
"731",0,365,117.903725696897
"732",1,365,199.198956341753
"733",0,366,116.476090523318
"734",1,366,200.140632495573
"735",0,367,113.396769000542
"736",1,367,198.105962058309
"737",0,368,113.797014273645
"738",1,368,194.816123138524
"739",0,369,115.896828778583
"740",1,369,198.744119192581
"741",0,370,127.906345938908
"742",1,370,201.989381558973
"743",0,371,119.378131786442
"744",1,371,198.179733861246
"745",0,372,119.8761798047
"746",1,372,200.119219087287
"747",0,373,120.153954354677
"748",1,373,196.837599927052
"749",0,374,119.218860990961
"750",1,374,198.610379666607
"751",0,375,118.719312313307
"752",1,375,198.024026338693
"753",0,376,128.970485753827
"754",1,376,200.619052534217
"755",0,377,127.425924817986
"756",1,377,205.676618051433
"757",0,378,120.002127817964
"758",1,378,201.999590219114
"759",0,379,128.146835652341
"760",1,379,202.167958601255
"761",0,380,128.958431177256
"762",1,380,200.927314087731
"763",0,381,130.026768320534
"764",1,381,202.639586592856
"765",0,382,126.5622146803
"766",1,382,204.631550273602
"767",0,383,129.87517225048
"768",1,383,202.871794289042
"769",0,384,126.692758916448
"770",1,384,200.912278706344
"771",0,385,128.812269771127
"772",1,385,205.98568454183
"773",0,386,128.480554644479
"774",1,386,204.912909151273
"775",0,387,126.359106099198
"776",1,387,206.861715016903
"777",0,388,127.796132927895
"778",1,388,202.393896563646
"779",0,389,124.114300961224
"780",1,389,200.148233153462
"781",0,390,126.351120340745
"782",1,390,202.212825644209
"783",0,391,126.142021435553
"784",1,391,201.712732928471
"785",0,392,118.639647023652
"786",1,392,199.604904040112
"787",0,393,115.520668643805
"788",1,393,196.375344596509
"789",0,394,115.151257066696
"790",1,394,196.999480193909
"791",0,395,118.943514807477
"792",1,395,198.565745253909
"793",0,396,114.793372534554
"794",1,396,200.240980738793
"795",0,397,118.386079246229
"796",1,397,196.396487167196
"797",0,398,117.652324117934
"798",1,398,196.193644658845
"799",0,399,117.489433460315
"800",1,399,199.931370262145
"801",0,400,116.247826695927
"802",1,400,200.029145263316
"803",0,401,115.744533485176
"804",1,401,198.520085995001
"805",0,402,111.146054506266
"806",1,402,197.757235365476
"807",0,403,115.846071562443
"808",1,403,195.350984671037
"809",0,404,118.667956802832
"810",1,404,194.848577743879
"811",0,405,115.138671346785
"812",1,405,197.176283082074
"813",0,406,113.341497327955
"814",1,406,197.992746377632
"815",0,407,119.663422983888
"816",1,407,194.672782837765
"817",0,408,116.837180652041
"818",1,408,198.253860055613
"819",0,409,117.742560004387
"820",1,409,193.677370152747
"821",0,410,110.798152292149
"822",1,410,195.597762612869
"823",0,411,115.516404762975
"824",1,411,194.326006654238
"825",0,412,115.036527419453
"826",1,412,198.497083492841
"827",0,413,119.02526274003
"828",1,413,196.033365876593
"829",0,414,118.75864344711
"830",1,414,199.494210714646
"831",0,415,116.685545214799
"832",1,415,196.875900784258
"833",0,416,107.14707890393
"834",1,416,196.383327718407
"835",0,417,111.972992180207
"836",1,417,192.53013456748
"837",0,418,111.676453637583
"838",1,418,191.840197430463
"839",0,419,107.55783507213
"840",1,419,191.600847077179
"841",0,420,120.870399616558
"842",1,420,196.908046592109
"843",0,421,116.827113716166
"844",1,421,192.447173860107
"845",0,422,112.050132548369
"846",1,422,199.504814849136
"847",0,423,112.035795812785
"848",1,423,196.673513787206
"849",0,424,116.022793532015
"850",1,424,193.824645065128
"851",0,425,114.091859364951
"852",1,425,198.019795943546
"853",0,426,115.075510677914
"854",1,426,199.851159429666
"855",0,427,125.551112463661
"856",1,427,201.962598169102
"857",0,428,117.661450740488
"858",1,428,201.11194211694
"859",0,429,124.646992052452
"860",1,429,200.057819610574
"861",0,430,126.524416455596
"862",1,430,203.985445659371
"863",0,431,133.350975437652
"864",1,431,201.779355232514
"865",0,432,120.256457371285
"866",1,432,201.087024105176
"867",0,433,120.765734700806
"868",1,433,197.466016360194
"869",0,434,116.414765357158
"870",1,434,200.244726160485
"871",0,435,117.775213071402
"872",1,435,199.961177469822
"873",0,436,130.653453354483
"874",1,436,201.87250694279
"875",0,437,125.531525180934
"876",1,437,203.554209016322
"877",0,438,127.237040732525
"878",1,438,201.888522440182
"879",0,439,126.52314077388
"880",1,439,204.974275835323
"881",0,440,128.570145990289
"882",1,440,200.966391049168
"883",0,441,129.731936556572
"884",1,441,205.058975027952
"885",0,442,124.213610475588
"886",1,442,204.555084502125
"887",0,443,127.093983372566
"888",1,443,203.350370872436
"889",0,444,126.112234260808
"890",1,444,201.761185421639
"891",0,445,135.383235782119
"892",1,445,202.957227205201
"893",0,446,129.528454365814
"894",1,446,202.53587241638
"895",0,447,131.548397480579
"896",1,447,201.803977911264
"897",0,448,129.554035227426
"898",1,448,204.653858565142
"899",0,449,126.278965740508
"900",1,449,202.78752840581
"901",0,450,127.828816306133
"902",1,450,200.852391324861
"903",0,451,126.225551579809
"904",1,451,199.405292631582
"905",0,452,125.197136488041
"906",1,452,200.437524338645
"907",0,453,117.568850056196
"908",1,453,197.478799639766
"909",0,454,116.065733740733
"910",1,454,198.618817464638
"911",0,455,116.320680855527
"912",1,455,201.581785749155
"913",0,456,114.844607706975
"914",1,456,198.153374588215
"915",0,457,123.144934783817
"916",1,457,200.261246416732
"917",0,458,119.3038281757
"918",1,458,200.718659501587
"919",0,459,114.238200621039
"920",1,459,200.802865646473
"921",0,460,116.814475258789
"922",1,460,200.827106003645
"923",0,461,116.138736200057
"924",1,461,200.052506882844
"925",0,462,122.849116504521
"926",1,462,202.95980497136
"927",0,463,120.419767504569
"928",1,463,200.655856255114
"929",0,464,118.98061797677
"930",1,464,203.401360073062
"931",0,465,127.03777722597
"932",1,465,206.323500233562
"933",0,466,121.672867310964
"934",1,466,200.548107398614
"935",0,467,122.270368963862
"936",1,467,201.317906629251
"937",0,468,138.042992331974
"938",1,468,202.333727688834
"939",0,469,136.746471776727
"940",1,469,202.066834232948
"941",0,470,137.166107123298
"942",1,470,204.571445156229
"943",0,471,134.512086109129
"944",1,471,202.745609796057
"945",0,472,132.659756692153
"946",1,472,203.630741764462
"947",0,473,140.124109550616
"948",1,473,205.349033166142
"949",0,474,142.618722926585
"950",1,474,208.335437578568
"951",0,475,144.758840433041
"952",1,475,206.220350143267
"953",0,476,135.422564474175
"954",1,476,205.025773925797
"955",0,477,144.288642830357
"956",1,477,208.129358393203
"957",0,478,146.150300137464
"958",1,478,206.044226830474
"959",0,479,138.823341926522
"960",1,479,209.268516419548
"961",0,480,145.270432830672
"962",1,480,204.976226813977
"963",0,481,136.090006504563
"964",1,481,204.49895614791
"965",0,482,140.383580785846
"966",1,482,200.77138100062
"967",0,483,135.018084604332
"968",1,483,206.053042768819
"969",0,484,144.681557934938
"970",1,484,205.094219410289
"971",0,485,137.998444484817
"972",1,485,203.400301670367
"973",0,486,146.055371322818
"974",1,486,205.343499141198
"975",0,487,140.105645103599
"976",1,487,206.398121202534
"977",0,488,141.0601461715
"978",1,488,206.991625554209
"979",0,489,143.493739967001
"980",1,489,202.619560694182
"981",0,490,142.594951062481
"982",1,490,203.501218959436
"983",0,491,141.711198479387
"984",1,491,207.223602238922
"985",0,492,140.04150019052
"986",1,492,205.339370628459
"987",0,493,138.706203229626
"988",1,493,204.035212027735
"989",0,494,139.092189697812
"990",1,494,204.293982130211
"991",0,495,142.426595683484
"992",1,495,203.982368581302
"993",0,496,141.463576007359
"994",1,496,204.1357451248
"995",0,497,139.260304240745
"996",1,497,203.247259430813
"997",0,498,138.645905594088
"998",1,498,200.126541993199
"999",0,499,134.742097805936
"1000",1,499,200.010399473958
"1001",0,500,142.843473270908
"1002",1,500,202.515424872385
"1003",0,501,133.436465462372
"1004",1,501,202.039569898829
"1005",0,502,127.308808249267
"1006",1,502,202.931311304138
"1007",0,503,134.88372466268
"1008",1,503,200.234490715829
"1009",0,504,139.184272003411
"1010",1,504,205.552905205876
"1011",0,505,125.315014368942
"1012",1,505,201.90048219168
"1013",0,506,129.838493382134
"1014",1,506,203.732636431862
"1015",0,507,133.105061701928
"1016",1,507,205.228087055017
"1017",0,508,131.960167308988
"1018",1,508,205.466784887011
"1019",0,509,132.007830472009
"1020",1,509,204.238123394788
"1021",0,510,136.478539385839
"1022",1,510,202.30459227595
"1023",0,511,136.1459632122
"1024",1,511,207.443962847451
"1025",0,512,147.326835343143
"1026",1,512,204.002546271644
"1027",0,513,147.434733867286
"1028",1,513,206.169367984293
"1029",0,514,143.699203960951
"1030",1,514,209.162660471793
"1031",0,515,151.038908630717
"1032",1,515,205.532371623917
"1033",0,516,139.212758378899
"1034",1,516,206.660780838956
"1035",0,517,147.667632102191
"1036",1,517,204.775284464212
"1037",0,518,136.591156082437
"1038",1,518,203.061653627898
"1039",0,519,135.43852127582
"1040",1,519,202.887343596673
"1041",0,520,137.020648276682
"1042",1,520,202.127762224421
"1043",0,521,136.32303225276
"1044",1,521,204.728819545356
"1045",0,522,136.571805009219
"1046",1,522,205.012080341116
"1047",0,523,146.764066628583
"1048",1,523,204.957569883997
"1049",0,524,144.936871873336
"1050",1,524,204.419887731736
"1051",0,525,137.641877750824
"1052",1,525,204.261937703823
"1053",0,526,144.125012425082
"1054",1,526,202.60718514903
"1055",0,527,129.431138998911
"1056",1,527,199.000868470499
"1057",0,528,129.89027871102
"1058",1,528,204.896321152137
"1059",0,529,130.079853254284
"1060",1,529,204.71903678285
"1061",0,530,137.870260420805
"1062",1,530,203.662402529941
"1063",0,531,133.960504019409
"1064",1,531,203.671448571988
"1065",0,532,139.143571614377
"1066",1,532,205.638669283845
"1067",0,533,132.147039558289
"1068",1,533,204.295160043294
"1069",0,534,136.902290171317
"1070",1,534,204.953158975309
"1071",0,535,136.99653669502
"1072",1,535,205.73784902046
"1073",0,536,136.251086576009
"1074",1,536,204.88407342872
"1075",0,537,132.246456466209
"1076",1,537,201.651043985831
"1077",0,538,131.664190092014
"1078",1,538,205.254584151828
"1079",0,539,131.865282448832
"1080",1,539,203.578954050254
"1081",0,540,133.918562839507
"1082",1,540,207.59583689632
"1083",0,541,132.536025976331
"1084",1,541,199.841882232492
"1085",0,542,126.80312914265
"1086",1,542,199.291480168089
"1087",0,543,122.412707287279
"1088",1,543,203.495916520145
"1089",0,544,128.236452225508
"1090",1,544,200.703697781958
"1091",0,545,125.90675815185
"1092",1,545,202.050753491694
"1093",0,546,126.353920336418
"1094",1,546,201.850754477109
"1095",0,547,123.029081491387
"1096",1,547,198.362790873642
"1097",0,548,120.055448539611
"1098",1,548,201.801222792416
"1099",0,549,119.580394185597
"1100",1,549,199.240953558572
"1101",0,550,120.238220771648
"1102",1,550,199.521377124268
"1103",0,551,125.761164435119
"1104",1,551,199.856733103017
"1105",0,552,122.157599203132
"1106",1,552,202.964519028085
"1107",0,553,116.184559764332
"1108",1,553,204.591860049678
"1109",0,554,128.939793774789
"1110",1,554,202.994032002894
"1111",0,555,123.461417936686
"1112",1,555,199.163536270989
"1113",0,556,116.888300156767
"1114",1,556,201.862873516222
"1115",0,557,122.144310879542
"1116",1,557,200.902902119723
"1117",0,558,125.763427545724
"1118",1,558,200.164979743145
"1119",0,559,118.484307108913
"1120",1,559,199.441692002887
"1121",0,560,121.757725312313
"1122",1,560,198.09532119669
"1123",0,561,120.264844140797
"1124",1,561,203.824028700221
"1125",0,562,122.86751286188
"1126",1,562,199.847115295921
"1127",0,563,121.056428799247
"1128",1,563,197.792349888172
"1129",0,564,125.680186956378
"1130",1,564,199.792642376872
"1131",0,565,119.149083735697
"1132",1,565,199.503558826487
"1133",0,566,132.258693839081
"1134",1,566,201.437511378057
"1135",0,567,127.628681678008
"1136",1,567,203.222773007678
"1137",0,568,137.529863165698
"1138",1,568,202.617405351507
"1139",0,569,134.580415778447
"1140",1,569,203.007634371733
"1141",0,570,124.939258332832
"1142",1,570,200.30032311769
"1143",0,571,136.262548480033
"1144",1,571,199.043808223115
"1145",0,572,133.187039224808
"1146",1,572,199.001724588619
"1147",0,573,138.946777131195
"1148",1,573,204.733562129853
"1149",0,574,135.822062062276
"1150",1,574,202.046336265531
"1151",0,575,141.00459341615
"1152",1,575,204.233236729882
"1153",0,576,132.384703333599
"1154",1,576,204.104278356444
"1155",0,577,141.119348891607
"1156",1,577,205.599396593427
"1157",0,578,136.531278965045
"1158",1,578,200.625623913919
"1159",0,579,137.365272760649
"1160",1,579,206.686041628628
"1161",0,580,142.004373998478
"1162",1,580,207.491838217105
"1163",0,581,141.012950419972
"1164",1,581,205.083918921537
"1165",0,582,130.166200104738
"1166",1,582,202.928541025779
"1167",0,583,142.866083206288
"1168",1,583,204.077451956435
"1169",0,584,124.39349498518
"1170",1,584,203.25888441396
"1171",0,585,130.630576056006
"1172",1,585,202.131593100661
"1173",0,586,133.902642203565
"1174",1,586,205.52203384095
"1175",0,587,137.073758959944
"1176",1,587,203.916817989468
"1177",0,588,139.80600358031
"1178",1,588,206.379525767904
"1179",0,589,140.86110195669
"1180",1,589,205.496005139598
"1181",0,590,150.662243049984
"1182",1,590,204.470472546053
"1183",0,591,153.579282078221
"1184",1,591,204.784436054927
"1185",0,592,149.68066338148
"1186",1,592,203.825981725782
"1187",0,593,139.994666225178
"1188",1,593,204.411025169302
"1189",0,594,148.914840975499
"1190",1,594,205.499598203712
"1191",0,595,146.934614302678
"1192",1,595,206.991912671136
"1193",0,596,149.959218003047
"1194",1,596,203.444344406555
"1195",0,597,151.880560056594
"1196",1,597,207.447278794565
"1197",0,598,143.343218443343
"1198",1,598,205.933156022036
"1199",0,599,139.798381518564
"1200",1,599,205.441109830626
"1201",0,600,141.995702812355
"1202",1,600,203.29482791964
"1203",0,601,125.860801278496
"1204",1,601,205.644266883626
"1205",0,602,130.771103170144
"1206",1,602,206.023093754858
"1207",0,603,136.121719376802
"1208",1,603,206.436939413129
"1209",0,604,134.436470795581
"1210",1,604,204.325974976742
"1211",0,605,128.839657949418
"1212",1,605,198.793561230121
"1213",0,606,122.483741934815
"1214",1,606,202.790105014752
"1215",0,607,121.292282130828
"1216",1,607,202.461033778689
"1217",0,608,125.737959434715
"1218",1,608,202.504302333519
"1219",0,609,125.165318626866
"1220",1,609,202.031199320676
"1221",0,610,125.021092064975
"1222",1,610,203.528650094619
"1223",0,611,114.367223094411
"1224",1,611,203.172444455549
"1225",0,612,117.623236992282
"1226",1,612,202.255332798862
"1227",0,613,113.910067896291
"1228",1,613,201.19477299961
"1229",0,614,115.640969296887
"1230",1,614,200.213647021106
"1231",0,615,119.20461912215
"1232",1,615,200.346025715284
"1233",0,616,119.852441832774
"1234",1,616,204.185718729053
"1235",0,617,125.024422427294
"1236",1,617,201.139447656122
"1237",0,618,120.493726107951
"1238",1,618,200.408673429179
"1239",0,619,120.792135139955
"1240",1,619,200.739391902596
"1241",0,620,119.975591245576
"1242",1,620,198.796370361155
"1243",0,621,113.881982137996
"1244",1,621,192.318387481607
"1245",0,622,117.232541785052
"1246",1,622,196.328225310734
"1247",0,623,112.496069837392
"1248",1,623,194.437017293018
"1249",0,624,113.842496781938
"1250",1,624,196.104624274007
"1251",0,625,118.744900325681
"1252",1,625,197.398295521747
"1253",0,626,118.56618712846
"1254",1,626,196.592728522004
"1255",0,627,114.951346522984
"1256",1,627,193.818478048739
"1257",0,628,116.52245017856
"1258",1,628,198.791014201605
"1259",0,629,119.14699838538
"1260",1,629,198.070439464686
"1261",0,630,116.20770386681
"1262",1,630,201.033981658886
"1263",0,631,116.427024782679
"1264",1,631,199.760648540639
"1265",0,632,120.092201254085
"1266",1,632,199.64360682941
"1267",0,633,124.139000492029
"1268",1,633,200.47707290091
"1269",0,634,112.052999232502
"1270",1,634,200.083996601773
"1271",0,635,118.378760076467
"1272",1,635,197.925637962007
"1273",0,636,121.053441177348
"1274",1,636,196.17522933973
"1275",0,637,118.095836573459
"1276",1,637,202.382053118099
"1277",0,638,120.107785956827
"1278",1,638,199.732709155427
"1279",0,639,119.788960774687
"1280",1,639,200.641091257893
"1281",0,640,123.665772233784
"1282",1,640,198.168877977969
"1283",0,641,123.825790082923
"1284",1,641,200.301069555742
"1285",0,642,121.423315909146
"1286",1,642,199.724369902266
"1287",0,643,116.331823460709
"1288",1,643,198.118076002144
"1289",0,644,116.235382442934
"1290",1,644,198.903501121476
"1291",0,645,120.8625592943
"1292",1,645,199.495802920705
"1293",0,646,125.000369859055
"1294",1,646,200.939412236213
"1295",0,647,130.047062947445
"1296",1,647,199.003446790811
"1297",0,648,127.969073310091
"1298",1,648,204.586457275283
"1299",0,649,129.171046171917
"1300",1,649,202.576695373702
"1301",0,650,125.897325774825
"1302",1,650,201.898467950873
"1303",0,651,128.60749942779
"1304",1,651,201.386639651985
"1305",0,652,123.242827227108
"1306",1,652,202.043358366287
"1307",0,653,132.462596340117
"1308",1,653,199.806497012518
"1309",0,654,132.430278043026
"1310",1,654,204.783431060132
"1311",0,655,135.01887116479
"1312",1,655,204.965767301232
"1313",0,656,137.576853782368
"1314",1,656,205.271849535243
"1315",0,657,139.702793374061
"1316",1,657,205.501627171316
"1317",0,658,129.18466997746
"1318",1,658,204.124789965681
"1319",0,659,130.915899936986
"1320",1,659,202.708332308863
"1321",0,660,128.742511311169
"1322",1,660,203.858374322293
"1323",0,661,127.076465294542
"1324",1,661,204.314941943047
"1325",0,662,129.511998801609
"1326",1,662,199.488202325516
"1327",0,663,125.579448927662
"1328",1,663,204.815710995743
"1329",0,664,126.992822994805
"1330",1,664,200.952191685949
"1331",0,665,116.69865880783
"1332",1,665,201.694758179142
"1333",0,666,117.247964711508
"1334",1,666,200.797120532814
"1335",0,667,119.398962682884
"1336",1,667,197.89492002379
"1337",0,668,114.850033029917
"1338",1,668,199.654675309908
"1339",0,669,117.665851121518
"1340",1,669,198.17585071986
"1341",0,670,118.529035447089
"1342",1,670,198.989664146368
"1343",0,671,123.387948659673
"1344",1,671,199.466028626333
"1345",0,672,119.480322492348
"1346",1,672,202.125809881231
"1347",0,673,118.133592126316
"1348",1,673,201.695637342717
"1349",0,674,116.903157082744
"1350",1,674,197.241547635953
"1351",0,675,122.400865750305
"1352",1,675,199.09494797001
"1353",0,676,120.447081545545
"1354",1,676,198.027332678637
"1355",0,677,118.682108683714
"1356",1,677,197.81401483584
"1357",0,678,121.124210597138
"1358",1,678,197.838621130944
"1359",0,679,116.516127324189
"1360",1,679,201.099504660301
"1361",0,680,117.210465026052
"1362",1,680,199.419923181784
"1363",0,681,121.325082574573
"1364",1,681,198.440125584704
"1365",0,682,112.898534614233
"1366",1,682,197.77518251105
"1367",0,683,113.712775192987
"1368",1,683,196.813114727437
"1369",0,684,112.305697730334
"1370",1,684,201.557118543777
"1371",0,685,109.798501191338
"1372",1,685,196.680350195594
"1373",0,686,124.931443722974
"1374",1,686,201.184199817707
"1375",0,687,117.242653645143
"1376",1,687,200.331148475281
"1377",0,688,120.350303838599
"1378",1,688,201.449850675064
"1379",0,689,113.50248057214
"1380",1,689,198.057957921636
"1381",0,690,126.867716885406
"1382",1,690,202.044477813641
"1383",0,691,128.965848893939
"1384",1,691,199.871077054113
"1385",0,692,135.683752595612
"1386",1,692,200.607784315195
"1387",0,693,141.902165604617
"1388",1,693,207.695373632754
"1389",0,694,141.308435086042
"1390",1,694,205.004803742424
"1391",0,695,138.642700890629
"1392",1,695,203.65139985922
"1393",0,696,138.196824044485
"1394",1,696,205.631221526904
"1395",0,697,144.957087957961
"1396",1,697,204.332017089679
"1397",0,698,140.019960451726
"1398",1,698,205.254244440627
"1399",0,699,136.305442062592
"1400",1,699,206.639673262396
"1401",0,700,135.787621535729
"1402",1,700,203.226758882669
"1403",0,701,135.076585592523
"1404",1,701,203.236427571109
"1405",0,702,130.841871605153
"1406",1,702,204.500039985331
"1407",0,703,127.280676255603
"1408",1,703,205.999574317915
"1409",0,704,125.279602612006
"1410",1,704,203.592569810748
"1411",0,705,132.586652102618
"1412",1,705,202.433027034036
"1413",0,706,120.36997820185
"1414",1,706,201.329605261405
"1415",0,707,126.646407809377
"1416",1,707,202.777762611553
"1417",0,708,122.328388473413
"1418",1,708,199.88906705482
"1419",0,709,130.136619049407
"1420",1,709,204.78334109499
"1421",0,710,129.874900523213
"1422",1,710,204.374284936869
"1423",0,711,132.385530137877
"1424",1,711,202.493717640695
"1425",0,712,131.2270221184
"1426",1,712,204.388299464154
"1427",0,713,135.837190800893
"1428",1,713,204.200335073359
"1429",0,714,131.668004161036
"1430",1,714,206.124533412301
"1431",0,715,129.134607575258
"1432",1,715,203.61941874818
"1433",0,716,125.646688591753
"1434",1,716,200.334054939731
"1435",0,717,129.221363027922
"1436",1,717,199.73623688494
"1437",0,718,123.675532612215
"1438",1,718,202.553035119827
"1439",0,719,127.288023172744
"1440",1,719,198.966470463561
"1441",0,720,122.141658062331
"1442",1,720,203.302881612838
"1443",0,721,121.717007545117
"1444",1,721,202.049887280287
"1445",0,722,122.299903745773
"1446",1,722,198.817060036986
"1447",0,723,124.193088490529
"1448",1,723,201.745175055487
"1449",0,724,125.098451235534
"1450",1,724,196.280420805668
"1451",0,725,122.68605930989
"1452",1,725,198.545746868257
"1453",0,726,119.798466134815
"1454",1,726,200.31571283891
"1455",0,727,116.01723752705
"1456",1,727,202.325223712412
"1457",0,728,118.670466921161
"1458",1,728,199.339555051079
"1459",0,729,116.486724350822
"1460",1,729,202.467656414821
"1461",0,730,116.399368995264
"1462",1,730,200.772981911247
"1463",0,731,120.953740825463
"1464",1,731,200.87618013718
"1465",0,732,120.103317947108
"1466",1,732,195.437891124064
"1467",0,733,113.77931772288
"1468",1,733,199.615961314215
"1469",0,734,121.898521660245
"1470",1,734,197.529897634099
"1471",0,735,117.494913787568
"1472",1,735,200.593451774677
"1473",0,736,121.15720873984
"1474",1,736,198.649067979566
"1475",0,737,120.548662907372
"1476",1,737,201.280886825174
"1477",0,738,120.519446033577
"1478",1,738,197.785127028029
"1479",0,739,123.876879930924
"1480",1,739,202.217938933075
"1481",0,740,122.697809665838
"1482",1,740,199.602684629225
"1483",0,741,117.942966337546
"1484",1,741,202.712101891031
"1485",0,742,123.86486492093
"1486",1,742,198.223149722915
"1487",0,743,117.967601760689
"1488",1,743,200.866385107935
"1489",0,744,124.590497136195
"1490",1,744,199.427743814512
"1491",0,745,117.698150806612
"1492",1,745,198.246182259545
"1493",0,746,114.961236286492
"1494",1,746,198.993611148692
"1495",0,747,116.43116394476
"1496",1,747,196.579842953326
"1497",0,748,117.878248516152
"1498",1,748,198.454312813595
"1499",0,749,117.509848635058
"1500",1,749,196.981993142775
"1501",0,750,119.18100771555
"1502",1,750,201.937650425518
"1503",0,751,126.333582480129
"1504",1,751,200.153450934945
"1505",0,752,126.832531828452
"1506",1,752,200.577691381717
"1507",0,753,118.221715939075
"1508",1,753,200.038227038675
"1509",0,754,116.509101559785
"1510",1,754,198.07719584388
"1511",0,755,116.867318747381
"1512",1,755,198.89133148504
"1513",0,756,119.042070804458
"1514",1,756,199.559922512508
"1515",0,757,117.200589179858
"1516",1,757,197.709437572107
"1517",0,758,116.38492960619
"1518",1,758,199.434427672359
"1519",0,759,112.389292976698
"1520",1,759,199.450247156195
"1521",0,760,114.959036514233
"1522",1,760,201.104032987786
"1523",0,761,121.450920221789
"1524",1,761,199.837178316901
"1525",0,762,120.996137518241
"1526",1,762,195.288448457801
"1527",0,763,122.355746060651
"1528",1,763,195.391061722337
"1529",0,764,126.61934501223
"1530",1,764,196.612790134344
"1531",0,765,114.906807058122
"1532",1,765,198.273273909116
"1533",0,766,117.73034990458
"1534",1,766,196.523536100674
"1535",0,767,117.562051899785
"1536",1,767,194.949254683438
"1537",0,768,117.797023345173
"1538",1,768,197.451873022251
"1539",0,769,113.794599303319
"1540",1,769,200.419967321598
"1541",0,770,117.111224204252
"1542",1,770,199.786158784818
"1543",0,771,115.824388360041
"1544",1,771,199.333118283465
"1545",0,772,118.71898985375
"1546",1,772,199.034373120215
"1547",0,773,122.170245638063
"1548",1,773,196.336914538994
"1549",0,774,115.811523847354
"1550",1,774,199.728406828453
"1551",0,775,115.426698426663
"1552",1,775,202.712549166681
"1553",0,776,123.995504334035
"1554",1,776,202.097532366419
"1555",0,777,118.355450246592
"1556",1,777,199.27897063858
"1557",0,778,115.867355472281
"1558",1,778,200.99915959043
"1559",0,779,123.191943947307
"1560",1,779,201.07506553996
"1561",0,780,128.047335740574
"1562",1,780,202.525185543188
"1563",0,781,130.553561816756
"1564",1,781,202.876262577718
"1565",0,782,124.991161161479
"1566",1,782,204.754130684683
"1567",0,783,127.381867584666
"1568",1,783,201.906477761652
"1569",0,784,125.152905750143
"1570",1,784,199.536356773723
"1571",0,785,122.403554134529
"1572",1,785,199.247539367567
"1573",0,786,116.429345069229
"1574",1,786,195.471727257412
"1575",0,787,112.527791491084
"1576",1,787,198.121259090885
"1577",0,788,111.767346762853
"1578",1,788,195.542417700729
"1579",0,789,109.183679448296
"1580",1,789,197.57382371265
"1581",0,790,115.781760279417
"1582",1,790,196.095561834551
"1583",0,791,116.394119940959
"1584",1,791,196.804417506682
"1585",0,792,121.394985113949
"1586",1,792,197.822636585856
"1587",0,793,113.457237696067
"1588",1,793,199.707387444418
"1589",0,794,120.176737207269
"1590",1,794,197.855399539093
"1591",0,795,118.316400048998
"1592",1,795,198.72407218622
"1593",0,796,118.467306391545
"1594",1,796,196.884577545279
"1595",0,797,112.247170022007
"1596",1,797,201.219665403776
"1597",0,798,117.355328379206
"1598",1,798,199.390635583804
"1599",0,799,123.036971180112
"1600",1,799,202.548284963445
"1601",0,800,123.579385625312
"1602",1,800,202.054900791489
"1603",0,801,116.487551780567
"1604",1,801,195.476566302387
"1605",0,802,115.025071737852
"1606",1,802,197.396085161543
"1607",0,803,113.638820621649
"1608",1,803,200.473679982194
"1609",0,804,110.509066850045
"1610",1,804,198.519503491888
"1611",0,805,119.975087095765
"1612",1,805,198.701248037297
"1613",0,806,115.120907663297
"1614",1,806,195.854323194206
"1615",0,807,118.164640542118
"1616",1,807,198.116422623353
"1617",0,808,117.982730219006
"1618",1,808,200.144172961549
"1619",0,809,117.212806300504
"1620",1,809,201.436952416785
"1621",0,810,123.897622666108
"1622",1,810,200.578289784726
"1623",0,811,120.270226810073
"1624",1,811,199.480600903939
"1625",0,812,115.824521345943
"1626",1,812,200.763173849555
"1627",0,813,120.047829508264
"1628",1,813,198.789303882001
"1629",0,814,115.045690919114
"1630",1,814,202.002944976639
"1631",0,815,113.718267324486
"1632",1,815,197.193395363632
"1633",0,816,109.629316351671
"1634",1,816,195.731825393028
"1635",0,817,118.077958135812
"1636",1,817,200.725574177722
"1637",0,818,119.009323880612
"1638",1,818,199.574066383617
"1639",0,819,119.410879674037
"1640",1,819,200.171213390864
"1641",0,820,114.328895435155
"1642",1,820,199.039961760071
"1643",0,821,118.16604538944
"1644",1,821,199.890115090777
"1645",0,822,122.418076431729
"1646",1,822,197.982834528015
"1647",0,823,119.314036326452
"1648",1,823,196.445527872864
"1649",0,824,118.604564522443
"1650",1,824,198.577990037359
"1651",0,825,116.52512054522
"1652",1,825,200.170659823584
"1653",0,826,112.878540885126
"1654",1,826,199.057311058581
"1655",0,827,120.538671284615
"1656",1,827,196.812818631224
"1657",0,828,121.672539835879
"1658",1,828,200.004605386622
"1659",0,829,120.583927588568
"1660",1,829,202.723252918461
"1661",0,830,129.496416966849
"1662",1,830,200.389732503191
"1663",0,831,128.968509404066
"1664",1,831,200.259155369389
"1665",0,832,130.225547382449
"1666",1,832,200.105303784156
"1667",0,833,121.926991518761
"1668",1,833,197.405451090857
"1669",0,834,120.12591036542
"1670",1,834,200.092100576835
"1671",0,835,123.737498940042
"1672",1,835,200.978784255439
"1673",0,836,117.304276070915
"1674",1,836,201.558092779153
"1675",0,837,112.052495018704
"1676",1,837,196.316239944678
"1677",0,838,114.078382650492
"1678",1,838,197.407325206886
"1679",0,839,121.124275234232
"1680",1,839,201.484238579281
"1681",0,840,116.844797771902
"1682",1,840,204.120117961821
"1683",0,841,119.694361544047
"1684",1,841,198.409442875169
"1685",0,842,111.534579589336
"1686",1,842,198.399415205993
"1687",0,843,119.852862439549
"1688",1,843,197.293268365545
"1689",0,844,123.599785930706
"1690",1,844,201.280587750245
"1691",0,845,121.854516940933
"1692",1,845,201.440045904118
"1693",0,846,125.187358462316
"1694",1,846,203.23903635841
"1695",0,847,118.752069736812
"1696",1,847,201.402939206618
"1697",0,848,117.110584397031
"1698",1,848,198.586791441468
"1699",0,849,118.92819274857
"1700",1,849,199.250625605967
"1701",0,850,124.41441088442
"1702",1,850,202.811981293787
"1703",0,851,120.522563771974
"1704",1,851,199.353132447473
"1705",0,852,124.642985649783
"1706",1,852,200.127535174521
"1707",0,853,118.931796095017
"1708",1,853,202.26823060094
"1709",0,854,116.021823596098
"1710",1,854,201.808916643084
"1711",0,855,122.405131534972
"1712",1,855,200.092852015446
"1713",0,856,124.282440337312
"1714",1,856,201.552259626896
"1715",0,857,117.062340388807
"1716",1,857,199.073719336668
"1717",0,858,123.243672307142
"1718",1,858,198.964688052458
"1719",0,859,116.926190223897
"1720",1,859,196.570086057726
"1721",0,860,117.628150901719
"1722",1,860,199.378191620725
"1723",0,861,118.896851951784
"1724",1,861,199.249242792264
"1725",0,862,121.869589770008
"1726",1,862,198.864503017229
"1727",0,863,127.575452269244
"1728",1,863,200.409965342617
"1729",0,864,129.492105077445
"1730",1,864,201.752212122544
"1731",0,865,116.938747903239
"1732",1,865,200.770005742431
"1733",0,866,124.004126995904
"1734",1,866,199.009731379841
"1735",0,867,121.922169338988
"1736",1,867,200.979839322797
"1737",0,868,124.619568769882
"1738",1,868,202.965671252803
"1739",0,869,126.058698432821
"1740",1,869,202.524644453636
"1741",0,870,133.720827990045
"1742",1,870,201.399270425341
"1743",0,871,126.383995312767
"1744",1,871,200.362225981509
"1745",0,872,126.977726755485
"1746",1,872,199.02791630093
"1747",0,873,131.350216545243
"1748",1,873,200.294128504677
"1749",0,874,132.360015357156
"1750",1,874,201.397171281617
"1751",0,875,136.915789801587
"1752",1,875,206.19288728886
"1753",0,876,140.267324997235
"1754",1,876,206.446679244108
"1755",0,877,132.696747856189
"1756",1,877,203.918572980902
"1757",0,878,134.017249392443
"1758",1,878,203.649060283446
"1759",0,879,144.086283897118
"1760",1,879,205.144580191041
"1761",0,880,139.585720943836
"1762",1,880,204.136867453576
"1763",0,881,137.489880056141
"1764",1,881,203.747416467373
"1765",0,882,132.378628156883
"1766",1,882,205.312167938203
"1767",0,883,122.757973076023
"1768",1,883,205.123579513079
"1769",0,884,123.273937225498
"1770",1,884,203.316758944939
"1771",0,885,122.20548593238
"1772",1,885,199.489753000078
"1773",0,886,117.841161647349
"1774",1,886,200.184951344478
"1775",0,887,116.186661354055
"1776",1,887,199.369519636259
"1777",0,888,117.25301710865
"1778",1,888,195.605836292701
"1779",0,889,110.481091758679
"1780",1,889,197.764885506708
"1781",0,890,110.201458910183
"1782",1,890,194.726791217114
"1783",0,891,111.953629974329
"1784",1,891,197.596720067916
"1785",0,892,119.702716200043
"1786",1,892,196.461935705209
"1787",0,893,114.437465678521
"1788",1,893,196.429071385113
"1789",0,894,114.458801721808
"1790",1,894,197.724352148113
"1791",0,895,120.267647997695
"1792",1,895,197.544386037908
"1793",0,896,115.358235824998
"1794",1,896,197.511510137346
"1795",0,897,114.811356578398
"1796",1,897,194.004873998116
"1797",0,898,113.844513230047
"1798",1,898,197.404796305372
"1799",0,899,116.189717379949
"1800",1,899,198.625837550701
"1801",0,900,112.629222643535
"1802",1,900,196.87663825572
"1803",0,901,112.223480718721
"1804",1,901,198.55846762162
"1805",0,902,116.362763377975
"1806",1,902,196.154461075155
"1807",0,903,119.68272379426
"1808",1,903,196.383677752375
"1809",0,904,114.481308862838
"1810",1,904,194.962309941204
"1811",0,905,120.264763037855
"1812",1,905,198.257920383851
"1813",0,906,117.906733376803
"1814",1,906,197.008973522325
"1815",0,907,128.224404017876
"1816",1,907,197.35230091113
"1817",0,908,129.756000101316
"1818",1,908,203.782111165343
"1819",0,909,127.273736988317
"1820",1,909,202.605164276629
"1821",0,910,129.952373913995
"1822",1,910,200.522282368906
"1823",0,911,126.515559810624
"1824",1,911,202.166366148995
"1825",0,912,124.701946745359
"1826",1,912,198.645559738633
"1827",0,913,118.266271171233
"1828",1,913,200.464054319745
"1829",0,914,118.958167885923
"1830",1,914,199.543826298792
"1831",0,915,113.226294928932
"1832",1,915,197.145613156455
"1833",0,916,118.628401982321
"1834",1,916,195.234993574962
"1835",0,917,118.405944912091
"1836",1,917,196.993044221768
"1837",0,918,121.914130767356
"1838",1,918,199.20654834867
"1839",0,919,115.152805654678
"1840",1,919,195.42575064094
"1841",0,920,118.383905797191
"1842",1,920,199.780511950795
"1843",0,921,114.522873916005
"1844",1,921,201.470109368662
"1845",0,922,117.957248346969
"1846",1,922,200.199411614419
"1847",0,923,119.95400375233
"1848",1,923,202.398831098315
"1849",0,924,120.642853221495
"1850",1,924,200.933149359491
"1851",0,925,119.29222037462
"1852",1,925,202.503761273643
"1853",0,926,117.476723575619
"1854",1,926,198.889760871028
"1855",0,927,121.049455995857
"1856",1,927,198.001377441837
"1857",0,928,115.886501043914
"1858",1,928,196.256767667431
"1859",0,929,110.836088296308
"1860",1,929,198.610232584817
"1861",0,930,118.807796685587
"1862",1,930,197.221679204367
"1863",0,931,116.713379423649
"1864",1,931,199.859725809829
"1865",0,932,120.582116902854
"1866",1,932,196.730221185395
"1867",0,933,121.038380204223
"1868",1,933,199.436762166907
"1869",0,934,120.409896334644
"1870",1,934,197.940991787618
"1871",0,935,116.923848020273
"1872",1,935,199.276509587177
"1873",0,936,114.294580367346
"1874",1,936,197.359888698372
"1875",0,937,111.141389628785
"1876",1,937,197.887107961924
"1877",0,938,114.61995680028
"1878",1,938,197.631557347231
"1879",0,939,109.482421715878
"1880",1,939,197.602280135724
"1881",0,940,104.720177587497
"1882",1,940,195.869768788531
"1883",0,941,117.443360780955
"1884",1,941,197.79588358314
"1885",0,942,113.388786945918
"1886",1,942,200.637375341004
"1887",0,943,119.040662914082
"1888",1,943,200.407805459968
"1889",0,944,123.130622747332
"1890",1,944,201.632234706435
"1891",0,945,123.000202421799
"1892",1,945,204.024572324584
"1893",0,946,127.088636805747
"1894",1,946,202.151254952583
"1895",0,947,132.086806388933
"1896",1,947,205.180454164901
"1897",0,948,134.148900471728
"1898",1,948,204.613620841704
"1899",0,949,123.535702625314
"1900",1,949,198.278419801841
"1901",0,950,120.932807164817
"1902",1,950,200.269402259571
"1903",0,951,127.024009697031
"1904",1,951,203.00667782385
"1905",0,952,127.335466828021
"1906",1,952,199.487039185198
"1907",0,953,128.747509818514
"1908",1,953,201.209933137243
"1909",0,954,123.835722075739
"1910",1,954,199.609630357742
"1911",0,955,132.043657727592
"1912",1,955,199.632261906266
"1913",0,956,127.434706700267
"1914",1,956,199.433020708738
"1915",0,957,125.026721294638
"1916",1,957,201.560377212239
"1917",0,958,126.24093411899
"1918",1,958,204.707619514919
"1919",0,959,122.176252435641
"1920",1,959,200.601079660188
"1921",0,960,139.322692569938
"1922",1,960,204.636917850249
"1923",0,961,125.331189224383
"1924",1,961,203.581431685798
"1925",0,962,136.670039051394
"1926",1,962,203.239114888415
"1927",0,963,127.407431804029
"1928",1,963,204.645180112696
"1929",0,964,130.003835690474
"1930",1,964,203.475148341302
"1931",0,965,126.319743680932
"1932",1,965,200.762314934006
"1933",0,966,123.898250432708
"1934",1,966,200.325238963936
"1935",0,967,122.467221215446
"1936",1,967,198.236973170149
"1937",0,968,122.069957951992
"1938",1,968,200.015630267126
"1939",0,969,118.187784654838
"1940",1,969,201.425248176021
"1941",0,970,124.287635287955
"1942",1,970,202.542803063961
"1943",0,971,124.569233470367
"1944",1,971,199.994683649535
"1945",0,972,113.205657194062
"1946",1,972,198.815074092441
"1947",0,973,118.754143832072
"1948",1,973,198.376719802693
"1949",0,974,115.083158414863
"1950",1,974,198.908317168527
"1951",0,975,116.521609396993
"1952",1,975,196.750406350545
"1953",0,976,109.751549875167
"1954",1,976,199.110814123717
"1955",0,977,109.059255103343
"1956",1,977,194.414706210444
"1957",0,978,108.464078768945
"1958",1,978,195.359487236338
"1959",0,979,106.615168305241
"1960",1,979,196.545127845564
"1961",0,980,110.122396359178
"1962",1,980,195.673447912112
"1963",0,981,113.415414901192
"1964",1,981,195.186249955853
"1965",0,982,112.748777711499
"1966",1,982,199.430668381274
"1967",0,983,111.158338270888
"1968",1,983,199.115711321852
"1969",0,984,114.80249068137
"1970",1,984,195.494234130511
"1971",0,985,110.087845927214
"1972",1,985,194.967227162711
"1973",0,986,101.757727719366
"1974",1,986,195.074184435686
"1975",0,987,113.453860616683
"1976",1,987,198.631305530121
"1977",0,988,113.833563617764
"1978",1,988,199.100561822941
"1979",0,989,115.035877762872
"1980",1,989,196.440894185248
"1981",0,990,112.670449088206
"1982",1,990,199.290153700823
"1983",0,991,112.646623192506
"1984",1,991,197.688027699647
"1985",0,992,110.668890502363
"1986",1,992,199.248135615924
"1987",0,993,114.495800291636
"1988",1,993,199.67906343052
"1989",0,994,114.278338499215
"1990",1,994,199.250710962481
"1991",0,995,109.414339508286
"1992",1,995,199.654558002824
"1993",0,996,112.563577790731
"1994",1,996,196.791044038328
"1995",0,997,116.47974592829
"1996",1,997,196.93106991726
"1997",0,998,114.024583362431
"1998",1,998,199.898035080624
"1999",0,999,116.0344844369
"2000",1,999,199.883711243758
